{"count":1,"self":2977.6992256,"total":5946.6963827,"children":{"InitializeActuators":{"count":3,"self":0.0040320999999999994,"total":0.0040320999999999994,"children":null},"InitializeSensors":{"count":3,"self":0.0009685,"total":0.0009685,"children":null},"AgentSendState":{"count":3544784,"self":40.851913599999996,"total":177.51810229999998,"children":{"CollectObservations":{"count":381912,"self":92.221536,"total":92.2215343,"children":null},"WriteActionMask":{"count":381912,"self":30.4327072,"total":30.432707599999997,"children":null},"RequestDecision":{"count":381912,"self":14.0119472,"total":14.011946799999999,"children":null}}},"DecideAction":{"count":3544784,"self":2775.2173568,"total":2775.2173911,"children":null},"AgentAct":{"count":3544784,"self":16.2557536,"total":16.2557543,"children":null}},"gauges":{"AGV.CumulativeReward":{"count":444,"max":-186.162888,"min":-484.244659,"runningAverage":-319.337524,"value":-370.5984,"weightedAverage":-335.086}},"metadata":{"timer_format_version":"0.1.0","start_time_seconds":"1729348378","unity_version":"2022.3.12f1","command_line_arguments":"C:\\Program Files\\Unity\\Hub\\Editor\\2022.3.12f1\\Editor\\Unity.exe -projectpath D:\\111_Work\\unity\\MA2 -useHub -hubIPC -cloudEnvironment production -licensingIpc LicenseClient-Mehdi LAHYANI -hubSessionId 298417c6-e7e7-48c2-bb6b-80e7b189b6ba -accessToken g5Lp9lUUxCycHRWDhR5_3ETu8sbD0ViUqrNq8nEStmc008f","communication_protocol_version":"1.5.0","com.unity.ml-agents_version":"2.0.1","scene_name":"3agents","end_time_seconds":"1729354325"}}