{"count":1,"self":3284.4402688,"total":3582.9705827,"children":{"InitializeActuators":{"count":3,"self":0.004013,"total":0.004013,"children":null},"InitializeSensors":{"count":3,"self":0.0021463999999999997,"total":0.0021463999999999997,"children":null},"AgentSendState":{"count":2838651,"self":46.268608,"total":192.5639282,"children":{"CollectObservations":{"count":257427,"self":76.164787199999992,"total":76.1647852,"children":null},"WriteActionMask":{"count":257427,"self":24.6875568,"total":24.687557299999998,"children":null},"RequestDecision":{"count":257427,"self":45.442979199999996,"total":45.442979099999995,"children":null}}},"DecideAction":{"count":2838651,"self":90.240793599999989,"total":90.2407923,"children":null},"AgentAct":{"count":2838651,"self":15.7173584,"total":15.717359,"children":null}},"gauges":{"AGV.CumulativeReward":{"count":306,"max":-249.47583,"min":-521.862366,"runningAverage":-366.5093,"value":-366.628052,"weightedAverage":-347.864777}},"metadata":{"timer_format_version":"0.1.0","start_time_seconds":"1727262568","unity_version":"2022.3.12f1","command_line_arguments":"C:\\Program Files\\Unity\\Hub\\Editor\\2022.3.12f1\\Editor\\Unity.exe -projectpath D:\\111_Work\\unity\\MA2 -useHub -hubIPC -cloudEnvironment production -licensingIpc LicenseClient-Mehdi LAHYANI -hubSessionId 2d851580-8fdb-4eb5-89ff-54e96ec9d317 -accessToken eQ-iOjZ81Ohae3bSWxTPeIy7Ae7GKBrKFusJk7xUhcs008f","communication_protocol_version":"1.5.0","com.unity.ml-agents_version":"2.0.1","scene_name":"main","end_time_seconds":"1727266149"}}